{
  "max_depth": 3,
  "learning_rate": 0.15407468620744033,
  "n_estimators": 455,
  "subsample": 0.9675975947587264,
  "colsample_bytree": 0.5529539197128122,
  "min_child_weight": 7,
  "scale_pos_weight": 0.9957844170486018
}