{
  "max_depth": 5,
  "learning_rate": 0.22648248189516848,
  "n_estimators": 466,
  "subsample": 0.7993292420985183,
  "colsample_bytree": 0.5780093202212182,
  "min_child_weight": 2,
  "scale_pos_weight": 0.9905641928229197
}